index,Rent,SurfaceArea,RoomsNumber,Address,RentPerArea,RentPerRoom,AreaPerRoom,ZipCode,City
0,6230.0,140.0,6.5,"Bellariastrasse 56, 8038 Zurich",44.5,958.4615384615385,21.53846153846154,56,Zurich
1,5460.0,160.0,6.5,"Kleinertstrasse 2, 8037 Zurich",34.125,840.0,24.615384615384617,2,Zurich
2,1820.0,49.0,3.5,"Langmauerstrasse 25, 8006 Zurich",37.142857142857146,520.0,14.0,25,Zurich
3,2530.0,59.0,3.0,"Hohlstrasse 486, 8048 Zurich",42.88135593220339,843.3333333333334,19.666666666666668,486,Zurich
4,6110.0,138.0,4.5,"Ankerstrasse 114, 8004 Zurich",44.27536231884058,1357.7777777777778,30.666666666666668,114,Zurich
5,5060.0,169.0,6.5,"Leutschenbachstrasse 40, 8050 Zurich",29.940828402366865,778.4615384615385,26.0,40,Zurich
6,720.0,47.0,3.5,"Hagenholzstrasse 59, 8050 Zurich",15.319148936170214,205.71428571428572,13.428571428571429,59,Zurich
7,4840.0,189.0,2.0,"Militärstrasse 105, 8004 Zurich",25.608465608465607,2420.0,94.5,105,Zurich
8,14230.0,320.0,10.5,"Höschgasse 29, 8008 Zurich",44.46875,1355.2380952380952,30.476190476190474,29,Zurich
9,4690.0,115.0,4.5,"Zollikerstrasse 6, 8008 Zurich",40.78260869565217,1042.2222222222222,25.555555555555557,6,Zurich
10,8870.0,270.0,6.0,"Frohburgstrasse 72, 8057 Zurich",32.851851851851855,1478.3333333333333,45.0,72,Zurich
11,6070.0,189.0,6.0,"Frohburgstrasse 320, 8057 Zurich",32.116402116402114,1011.6666666666666,31.5,320,Zurich
12,7080.0,152.0,6.5,"Ankerstrasse 114, 8004 Zurich",46.578947368421055,1089.2307692307693,23.384615384615383,114,Zurich
13,7970.0,169.0,3.0,"Ankerstrasse 114, 8004 Zurich",47.15976331360947,2656.6666666666665,56.333333333333336,114,Zurich
14,3820.0,84.0,3.5,"Zollikerstrasse 6, 8008 Zurich",45.476190476190474,1091.4285714285713,24.0,6,Zurich
15,8720.0,140.0,6.5,"Zollikerstrasse 6, 8008 Zurich",62.285714285714285,1341.5384615384614,21.53846153846154,6,Zurich
16,6930.0,150.0,6.5,"Scheideggstrasse 65, 8002 Zurich",46.2,1066.1538461538462,23.076923076923077,65,Zurich
17,5880.0,160.0,6.5,"Käferholzstrasse 32, 8057 Zurich",36.75,904.6153846153846,24.615384615384617,32,Zurich
19,5190.0,140.0,7.5,"Giblenstrasse 55, 8049 Zurich",37.07142857142857,692.0,18.666666666666668,55,Zurich
20,7310.0,170.0,7.5,"Alfred Escher-Strasse 27, 8002 Zurich",43.0,974.6666666666666,22.666666666666668,27,Zurich
21,2770.0,57.0,3.5,"Eugen-Huber-Strasse 64, 8048 Zurich",48.59649122807018,791.4285714285714,16.285714285714285,64,Zurich
22,4840.0,140.0,4.5,"Delphinstrasse 6, 8008 Zurich",34.57142857142857,1075.5555555555557,31.11111111111111,6,Zurich
23,12420.0,290.0,10.5,8001 Zurich,42.827586206896555,1182.857142857143,27.61904761904762,,Zurich
24,4070.0,96.0,4.5,"Hohlstrasse 104, 8004 Zurich",42.395833333333336,904.4444444444445,21.333333333333332,104,Zurich
25,4260.0,146.0,6.5,"Triemlistrasse 153, 8047 Zurich",29.17808219178082,655.3846153846154,22.46153846153846,153,Zurich
26,4260.0,129.0,4.5,"Forchstrasse 251, 8032 Zurich",33.02325581395349,946.6666666666666,28.666666666666668,251,Zurich
27,4940.0,148.0,6.5,"Zurlindenstrasse 51, 8003 Zurich",33.37837837837838,760.0,22.76923076923077,51,Zurich
28,1780.0,127.0,2.0,"Im Altried 3B, 8051 Zurich",14.015748031496063,890.0,63.5,3B,Zurich
29,2870.0,82.0,3.5,"Eugen-Huber-Str. 115, 8048 Zurich",35.0,820.0,23.428571428571427,115,Zurich
30,6310.0,160.0,7.5,"Käferholzstrasse 46, 8057 Zurich",39.4375,841.3333333333334,21.333333333333332,46,Zurich
31,2800.0,103.0,3.5,"Kalkbreitestr. 115, 8003 Zurich",27.184466019417474,800.0,29.428571428571427,115,Zurich
32,3460.0,154.0,6.5,"Hardaustrasse 23, 8003 Zurich",22.467532467532468,532.3076923076923,23.692307692307693,23,Zurich
34,8010.0,210.0,9.5,"Saumackerstrasse 68, 8048 Zurich",38.142857142857146,843.1578947368421,22.105263157894736,68,Zurich
35,4580.0,140.0,6.5,"Badenerstrasse 672, 8048 Zurich",32.714285714285715,704.6153846153846,21.53846153846154,672,Zurich
37,7840.0,180.0,6.0,"Susenbergstrasse 187, 8044 Zurich",43.55555555555556,1306.6666666666667,30.0,187,Zurich
38,3600.0,156.0,6.5,"Seefeldstrasse 220, 8008 Zurich",23.076923076923077,553.8461538461538,24.0,220,Zurich
39,3720.0,130.0,5.0,"Bockhornstrasse 27, 8047 Zurich",28.615384615384617,744.0,26.0,27,Zurich
40,5510.0,191.0,6.5,"Hofstrasse 124, 8044 Zurich",28.848167539267017,847.6923076923077,29.384615384615383,124,Zurich
41,4240.0,167.0,6.5,"Apfelbaumstrasse 15, 8050 Zurich",25.389221556886227,652.3076923076923,25.692307692307693,15,Zurich
42,2800.0,92.0,3.5,"Dachslernstrasse 85A, 8048 Zurich",30.434782608695652,800.0,26.285714285714285,85A,Zurich
43,12660.0,340.0,11.0,8038 Zurich,37.23529411764706,1150.909090909091,30.90909090909091,,Zurich
44,3280.0,191.0,4.5,"Hohlstrasse 212, 8004 Zurich",17.172774869109947,728.8888888888889,42.44444444444444,212,Zurich
45,3850.0,105.0,4.5,"Schöneggstrasse 15, 8004 Zurich",36.666666666666664,855.5555555555555,23.333333333333332,15,Zurich
46,6110.0,138.0,4.5,"Ankerstrasse 114, 8004 Zurich",44.27536231884058,1357.7777777777778,30.666666666666668,114,Zurich
47,6410.0,200.0,8.0,"Hinterbergstrasse 69, 8044 Zurich",32.05,801.25,25.0,69,Zurich
48,3810.0,136.0,6.5,"Ferdinand-Hodler-Strasse, 8049 Zurich",28.014705882352942,586.1538461538462,20.923076923076923,Ferdinand-Hodler-Strasse,Zurich
49,4230.0,165.0,4.5,"Freigutstrasse 5, 8002 Zurich",25.636363636363637,940.0,36.666666666666664,5,Zurich
50,3750.0,140.0,6.0,"Nordstrasse 198, 8037 Zurich",26.785714285714285,625.0,23.333333333333332,198,Zurich
51,6260.0,160.0,6.5,"Rüdigerstrasse 5, 8045 Zurich",39.125,963.0769230769231,24.615384615384617,5,Zurich
52,6700.0,175.0,6.5,8038 Zurich,38.285714285714285,1030.7692307692307,26.923076923076923,,Zurich
53,5120.0,160.0,7.5,"Buchzelgstrasse 58, 8053 Zurich",32.0,682.6666666666666,21.333333333333332,58,Zurich
54,5590.0,140.0,6.5,"Badenerstrasse 855, 8048 Zurich",39.92857142857143,860.0,21.53846153846154,855,Zurich
55,5640.0,160.0,6.5,"Leutschenbachstrasse 30, 8050 Zurich",35.25,867.6923076923077,24.615384615384617,30,Zurich
56,5660.0,175.0,7.5,"Hegibachstrasse 36, 8032 Zurich",32.34285714285714,754.6666666666666,23.333333333333332,36,Zurich
57,6410.0,150.0,6.5,"Turbinenstrasse 40, 8005 Zurich",42.733333333333334,986.1538461538462,23.076923076923077,40,Zurich
58,9550.0,220.0,7.5,"Berghaldenstrasse 28, 8053 Zurich",43.40909090909091,1273.3333333333333,29.333333333333332,28,Zurich
60,5140.0,140.0,5.0,"Konradstrasse 71, 8005 Zurich",36.714285714285715,1028.0,28.0,71,Zurich
61,5880.0,140.0,6.0,"Kreuzstrasse 80, 8032 Zurich",42.0,980.0,23.333333333333332,80,Zurich
62,8120.0,220.0,8.0,"Tödistrasse 46, 8002 Zurich",36.90909090909091,1015.0,27.5,46,Zurich
63,5880.0,156.0,6.5,"Sprecherstrasse 5, 8032 Zurich",37.69230769230769,904.6153846153846,24.0,5,Zurich
64,3600.0,130.0,6.5,"Regensbergstrasse 177, 8050 Zurich",27.692307692307693,553.8461538461538,20.0,177,Zurich
65,3080.0,144.0,5.0,"Altstetterstrasse, 8048 Zurich",21.38888888888889,616.0,28.8,Altstetterstrasse,Zurich
66,7920.0,170.0,7.5,"Freiestrasse 206, 8032 Zurich",46.588235294117645,1056.0,22.666666666666668,206,Zurich
67,3330.0,129.0,6.5,"Manessestrasse 130, 8045 Zurich",25.813953488372093,512.3076923076923,19.846153846153847,130,Zurich
68,6180.0,191.0,6.5,"Zurlindenstrasse 275, 8003 Zurich",32.35602094240838,950.7692307692307,29.384615384615383,275,Zurich
69,3720.0,136.0,6.5,"Ringstrasse 70, 8057 Zurich",27.352941176470587,572.3076923076923,20.923076923076923,70,Zurich
70,5880.0,158.0,6.5,"Altenhofstrasse 46, 8008 Zurich",37.21518987341772,904.6153846153846,24.307692307692307,46,Zurich
71,7520.0,150.0,7.5,"Altenhofstrasse 46, 8008 Zurich",50.13333333333333,1002.6666666666666,20.0,46,Zurich
72,4620.0,138.0,4.5,"Hirslanderstrasse 33, 8032 Zurich",33.47826086956522,1026.6666666666667,30.666666666666668,33,Zurich
74,7750.0,210.0,8.0,"Etzelstrasse 31, 8038 Zurich",36.904761904761905,968.75,26.25,31,Zurich
76,11770.0,180.0,6.5,"Storchengasse 12, 8001 Zurich",65.38888888888889,1810.7692307692307,27.692307692307693,12,Zurich
77,3740.0,125.0,4.5,"Glatttalstrasse 37, 8052 Zurich",29.92,831.1111111111111,27.77777777777778,37,Zurich
78,4990.0,130.0,4.5,"Limmattalstrasse 24A + 24B, 8049 Zurich",38.38461538461539,1108.888888888889,28.88888888888889,24B,Zurich
79,5400.0,160.0,4.5,"Moussonstrasse 18, 8044 Zurich",33.75,1200.0,35.55555555555556,18,Zurich
80,6780.0,170.0,8.0,"Bürglistrasse 23, 8002 Zurich",39.88235294117647,847.5,21.25,23,Zurich
81,6680.0,140.0,6.0,"Ottikerstrasse, 8006 Zurich",47.714285714285715,1113.3333333333333,23.333333333333332,Ottikerstrasse,Zurich
82,5510.0,156.0,6.5,"Hofstrasse 133, 8044 Zurich",35.32051282051282,847.6923076923077,24.0,133,Zurich
83,5740.0,140.0,7.5,"Schaffhauserstrasse 449, 8052 Zurich",41.0,765.3333333333334,18.666666666666668,449,Zurich
84,6630.0,150.0,6.5,"Mythenquai 349a, 8038 Zurich",44.2,1020.0,23.076923076923077,349a,Zurich
85,6820.0,160.0,4.5,"Mythenquai 353, 8038 Zurich",42.625,1515.5555555555557,35.55555555555556,353,Zurich
86,5060.0,160.0,7.5,8046 Zurich,31.625,674.6666666666666,21.333333333333332,,Zurich
87,6180.0,150.0,6.5,"Zollikerstrasse 149, 8008 Zurich",41.2,950.7692307692307,23.076923076923077,149,Zurich
88,5510.0,187.0,6.5,"Badenerstrasse 855, 8048 Zurich",29.46524064171123,847.6923076923077,28.76923076923077,855,Zurich
89,11180.0,220.0,7.5,"Brandschenkestrasse, 8002 Zurich",50.81818181818182,1490.6666666666667,29.333333333333332,Brandschenkestrasse,Zurich
90,12270.0,230.0,7.5,"In der Sommerau 9, 8053 Zurich",53.34782608695652,1636.0,30.666666666666668,9,Zurich
91,7000.0,170.0,6.0,"Höhenweg 19, 8032 Zurich",41.1764705882353,1166.6666666666667,28.333333333333332,19,Zurich
92,5340.0,180.0,6.5,"Sempacherstrasse 23, 8032 Zurich",29.666666666666668,821.5384615384615,27.692307692307693,23,Zurich
93,3880.0,98.0,3.0,"Wipkingerweg 12, 8037 Zurich",39.59183673469388,1293.3333333333333,32.666666666666664,12,Zurich
94,5140.0,132.0,5.0,"Badenerstrasse 310, 8004 Zurich",38.93939393939394,1028.0,26.4,310,Zurich
96,3130.0,136.0,3.0,"Rosengartenstrasse 55, 8037 Zurich",23.014705882352942,1043.3333333333333,45.333333333333336,55,Zurich
97,4210.0,144.0,4.5,"Zentralstrasse 153, 8003 Zurich",29.23611111111111,935.5555555555555,32.0,153,Zurich
98,2560.0,80.0,3.5,"Hungerbergstr. 27, 8046 Zurich",32.0,731.4285714285714,22.857142857142858,27,Zurich
99,4170.0,140.0,6.5,"Ruedi Walter-Str. 4a, 8050 Zurich",29.785714285714285,641.5384615384615,21.53846153846154,4a,Zurich
100,3410.0,150.0,8.0,"Buchzelgstr. 39, 8053 Zurich",22.733333333333334,426.25,18.75,39,Zurich
101,4080.0,127.0,3.0,"Kronenstr. 25, 8006 Zurich",32.125984251968504,1360.0,42.333333333333336,25,Zurich
102,8270.0,160.0,6.5,8008 Zurich,51.6875,1272.3076923076924,24.615384615384617,,Zurich
103,6280.0,154.0,4.5,"Mühlebachstr. 27, 8008 Zurich",40.77922077922078,1395.5555555555557,34.22222222222222,27,Zurich
104,4050.0,191.0,6.0,"Buchholzstrasse 133, 8053 Zurich",21.20418848167539,675.0,31.833333333333332,133,Zurich
105,7050.0,150.0,6.5,"Badenerstr. 157, 8004 Zurich",47.0,1084.6153846153845,23.076923076923077,157,Zurich
107,13380.0,290.0,10.5,"Hadlaubstrasse 111, 8006 Zurich",46.13793103448276,1274.2857142857142,27.61904761904762,111,Zurich
108,13410.0,240.0,6.5,"Utoquai 37, 8008 Zurich",55.875,2063.076923076923,36.92307692307692,37,Zurich
109,3070.0,105.0,3.0,"Austrasse 60, 8045 Zurich",29.238095238095237,1023.3333333333334,35.0,60,Zurich
110,4130.0,123.0,4.5,"Röntgenstrasse 72, 8005 Zurich",33.577235772357724,917.7777777777778,27.333333333333332,72,Zurich
111,8280.0,160.0,6.5,"Waldmannstrasse 12A, 8001 Zurich",51.75,1273.8461538461538,24.615384615384617,12A,Zurich
112,6350.0,170.0,7.5,"Seefeldstrasse 253, 8008 Zurich",37.35294117647059,846.6666666666666,22.666666666666668,253,Zurich
113,4970.0,121.0,3.0,"Steinstrasse 25, 8003 Zurich Wiedikon",41.074380165289256,1656.6666666666667,40.333333333333336,25,Zurich
114,4540.0,136.0,5.0,"Schwamendingenstrasse 93, 8050 Zurich",33.38235294117647,908.0,27.2,93,Zurich
115,20550.0,310.0,6.0,"Utoquai 37, 8008 Zurich",66.29032258064517,3425.0,51.666666666666664,37,Zurich
116,2830.0,45.0,3.5,"Bernerstrasse S 169, 8048 Zurich",62.888888888888886,808.5714285714286,12.857142857142858,169,Zurich
117,11450.0,310.0,11.0,"Bluntschlisteig 1, 8002 Zurich",36.935483870967744,1040.909090909091,28.181818181818183,1,Zurich
118,3400.0,148.0,5.0,"Roswiesenstrasse 183, 8051 Zurich",22.972972972972972,680.0,29.6,183,Zurich
119,2850.0,47.0,2.0,"Steinstrasse 27, 8003 Zurich",60.638297872340424,1425.0,23.5,27,Zurich
120,7560.0,189.0,6.5,"Wuhrstrasse 30, 8003 Zurich",40.0,1163.076923076923,29.076923076923077,30,Zurich
121,2170.0,45.0,3.5,"Viktoriastrasse 29, 8057 Zurich",48.22222222222222,620.0,12.857142857142858,29,Zurich
122,6490.0,170.0,7.5,"Bucheggstrasse 130, 8057 Zurich",38.1764705882353,865.3333333333334,22.666666666666668,130,Zurich
123,2720.0,70.0,3.5,"Bucheggstrasse 130, 8057 Zurich",38.857142857142854,777.1428571428571,20.0,130,Zurich
124,3200.0,86.0,3.5,"Schulhausstrasse 47, 8002 Zurich",37.2093023255814,914.2857142857143,24.571428571428573,47,Zurich
125,4200.0,127.0,4.5,"Dörflistrasse 115, 8050 Zurich",33.07086614173228,933.3333333333334,28.22222222222222,115,Zurich
126,4510.0,136.0,3.0,"Baslerstrasse 77, 8048 Zurich",33.161764705882355,1503.3333333333333,45.333333333333336,77,Zurich
127,7210.0,180.0,4.5,"Pfingstweidstrasse 98, 8005 Zurich",40.05555555555556,1602.2222222222222,40.0,98,Zurich
128,2800.0,49.0,3.5,"Müllerstrasse 76, 8004 Zurich",57.142857142857146,800.0,14.0,76,Zurich
129,3690.0,167.0,4.5,"Hüttisstr. 8, 8050 Zurich",22.095808383233532,820.0,37.111111111111114,8,Zurich
130,4670.0,115.0,4.5,"Steinstrasse 25, 8003 Zurich",40.608695652173914,1037.7777777777778,25.555555555555557,25,Zurich
131,3350.0,127.0,4.5,"Felsenrainstrasse 27, 8052 Zurich",26.37795275590551,744.4444444444445,28.22222222222222,27,Zurich
132,4110.0,129.0,4.5,"Dörflistrasse 115, 8050 Zurich",31.86046511627907,913.3333333333334,28.666666666666668,115,Zurich
133,3740.0,113.0,4.5,"Dörflistrasse 115, 8050 Zurich",33.097345132743364,831.1111111111111,25.11111111111111,115,Zurich
134,7380.0,175.0,7.5,"Bolleystrasse 15, 8006 Zurich",42.17142857142857,984.0,23.333333333333332,15,Zurich
135,3620.0,163.0,5.0,"Dorfbachweg 5, 8049 Zurich",22.208588957055216,724.0,32.6,5,Zurich
136,4990.0,160.0,6.5,"Allmannstrasse 55, 8052 Zurich",31.1875,767.6923076923077,24.615384615384617,55,Zurich
137,5390.0,148.0,6.5,"Rütschistrasse 16, 8037 Zurich",36.41891891891892,829.2307692307693,22.76923076923077,16,Zurich
138,6150.0,140.0,7.5,"Allmannstrasse 55, 8052 Zurich, 8052 Zurich",43.92857142857143,820.0,18.666666666666668,Zurich,Zurich
139,3290.0,101.0,4.5,"Allmannstrasse 55, 8052 Zurich, 8052 Zurich",32.57425742574257,731.1111111111111,22.444444444444443,Zurich,Zurich
140,5520.0,98.0,4.5,"Rotachstrasse 20, 8003 Zurich",56.326530612244895,1226.6666666666667,21.77777777777778,20,Zurich
141,5520.0,117.0,4.5,"Kalkbreitestrasse 41, 8003 Zurich",47.17948717948718,1226.6666666666667,26.0,41,Zurich
142,4240.0,125.0,4.5,"Eggbühlstrasse 22, 8050 Zurich",33.92,942.2222222222222,27.77777777777778,22,Zurich
143,3870.0,99.0,3.0,"Langstrasse 13, 8004 Zurich",39.09090909090909,1290.0,33.0,13,Zurich
144,4000.0,88.0,4.5,"Schwendenweg 6, 8003 Zurich",45.45454545454545,888.8888888888889,19.555555555555557,6,Zurich
145,9140.0,230.0,7.5,"Plattenstr. 34, 8032 Zurich",39.73913043478261,1218.6666666666667,30.666666666666668,34,Zurich
146,2160.0,90.0,3.0,"Dennlerstr. 24, 8047 Zurich",24.0,720.0,30.0,24,Zurich
147,1910.0,76.0,2.0,"Schlossgasse 5, 8003 Zurich",25.13157894736842,955.0,38.0,5,Zurich
148,4000.0,99.0,3.0,"Schulhausstrasse 53, 8002 Zurich",40.4040404040404,1333.3333333333333,33.0,53,Zurich
149,2270.0,55.0,2.0,"Aemtlerstr. 18, 8003 Zurich",41.27272727272727,1135.0,27.5,18,Zurich
150,3280.0,105.0,3.0,"Forchstrasse 131, 8032 Zurich",31.238095238095237,1093.3333333333333,35.0,131,Zurich
151,3290.0,160.0,6.0,"Eierbrechtstrasse 51 53 55, 8053 Zurich",20.5625,548.3333333333334,26.666666666666668,55,Zurich
152,4450.0,130.0,5.0,"Schulhausstrasse 47, 8002 Zurich",34.23076923076923,890.0,26.0,47,Zurich
153,2020.0,28.0,2.0,"Universitätsstrasse 110, 8006 Zurich",72.14285714285714,1010.0,14.0,110,Zurich
154,4540.0,134.0,4.5,"Oerlikonerstrasse 87, 8057 Zurich",33.88059701492537,1008.8888888888889,29.77777777777778,87,Zurich
155,3800.0,101.0,3.0,"Hochfarbstrasse 14, 8006 Zurich",37.62376237623762,1266.6666666666667,33.666666666666664,14,Zurich
156,3050.0,88.0,3.0,"Brauerstrasse 29, 8004 Zurich",34.65909090909091,1016.6666666666666,29.333333333333332,29,Zurich
157,3310.0,103.0,3.5,"Stampfenbachstr. 131, 8006 Zurich",32.13592233009709,945.7142857142857,29.428571428571427,131,Zurich
158,2390.0,70.0,2.0,"Herrligstrasse 34, 8048 Zurich",34.142857142857146,1195.0,35.0,34,Zurich
159,5660.0,191.0,7.5,"Eggbühlstrasse 9, 8050 Zurich",29.63350785340314,754.6666666666666,25.466666666666665,9,Zurich
160,2840.0,119.0,5.0,"Riedenhaldenstrasse 18, 8046 Zurich",23.865546218487395,568.0,23.8,18,Zurich
161,7710.0,200.0,7.5,"Bremgartnerstrasse 51, 8003 Zurich",38.55,1028.0,26.666666666666668,51,Zurich
162,9590.0,190.0,6.5,"Genferstr. 24, 8002 Zurich",50.473684210526315,1475.3846153846155,29.23076923076923,24,Zurich
163,6090.0,170.0,7.5,"Flühgasse 9, 8008 Zurich",35.8235294117647,812.0,22.666666666666668,9,Zurich
164,3970.0,154.0,4.5,"Badenerstrasse 843, 8048 Zurich",25.77922077922078,882.2222222222222,34.22222222222222,843,Zurich
165,5800.0,158.0,6.5,"St. Urbangasse 8, 8001 Zurich",36.70886075949367,892.3076923076923,24.307692307692307,8,Zurich
166,8030.0,290.0,11.5,"Scheideggstrasse 70, 8002 Zurich",27.689655172413794,698.2608695652174,25.217391304347824,70,Zurich
167,3840.0,185.0,6.0,"Albisstrasse 10, 8038 Zurich",20.756756756756758,640.0,30.833333333333332,10,Zurich
168,3970.0,92.0,3.5,"Russenweg 6a, 8008 Zurich",43.15217391304348,1134.2857142857142,26.285714285714285,6a,Zurich
169,7740.0,190.0,7.5,"Drusbergstrasse 65, 8053 Zurich",40.73684210526316,1032.0,25.333333333333332,65,Zurich
170,5290.0,163.0,5.0,"Hadlaubstrasse 26, 8044 Zurich",32.45398773006135,1058.0,32.6,26,Zurich
171,5920.0,179.0,3.0,"Hohlstrasse 212, 8004 Zurich",33.072625698324025,1973.3333333333333,59.666666666666664,212,Zurich
172,5040.0,148.0,4.5,"Bellariastrasse 11, 8002 Zurich",34.054054054054056,1120.0,32.888888888888886,11,Zurich
173,3400.0,101.0,3.0,"Wildbachstrasse 60, 8008 Zurich",33.663366336633665,1133.3333333333333,33.666666666666664,60,Zurich
174,4300.0,179.0,6.5,"Tuchmacherstrasse 34, 8041 Zurich",24.022346368715084,661.5384615384615,27.53846153846154,34,Zurich
175,7380.0,250.0,7.5,"Mühlebachstrasse 72, 8008 Zurich",29.52,984.0,33.333333333333336,72,Zurich
176,1900.0,55.0,2.0,"Universitätstr. 73, 8006 Zurich",34.54545454545455,950.0,27.5,73,Zurich
177,2980.0,115.0,5.0,"Speerstrasse 47, 8038 Zurich",25.91304347826087,596.0,23.0,47,Zurich
178,6850.0,190.0,6.5,"Limmatstrasse 258, 8005 Zurich",36.05263157894737,1053.8461538461538,29.23076923076923,258,Zurich
179,9090.0,240.0,11.0,"Bergstrasse 76, 8032 Zurich",37.875,826.3636363636364,21.818181818181817,76,Zurich
180,7150.0,180.0,9.0,"Neptunstrasse 88, 8032 Zurich",39.72222222222222,794.4444444444445,20.0,88,Zurich
181,2870.0,115.0,5.0,"Ziegelstrasse 20, 8038 Zurich",24.956521739130434,574.0,23.0,20,Zurich
182,3130.0,113.0,4.5,"Vulkanstrasse 110c, 8048 Zurich",27.699115044247787,695.5555555555555,25.11111111111111,110c,Zurich
183,4740.0,154.0,6.5,"Schöneggstrasse 15, 8004 Zurich",30.77922077922078,729.2307692307693,23.692307692307693,15,Zurich
184,5940.0,185.0,6.5,"Seestrasse 293, 8038 Zurich",32.108108108108105,913.8461538461538,28.46153846153846,293,Zurich
185,2490.0,105.0,4.5,"Heerenschürlistrasse 6, 8051 Zurich",23.714285714285715,553.3333333333334,23.333333333333332,6,Zurich
186,3800.0,132.0,4.5,"Salerstrasse 23/Tramstrasse 18, 8050 Zurich",28.78787878787879,844.4444444444445,29.333333333333332,18,Zurich
187,12220.0,270.0,7.5,"Freiestrasse 182A, 8032 Zurich",45.25925925925926,1629.3333333333333,36.0,182A,Zurich
188,4320.0,179.0,6.5,"Maneggplatz 14, 8041 Zurich",24.134078212290504,664.6153846153846,27.53846153846154,14,Zurich
189,3280.0,117.0,4.5,"Restelbergstrasse 83, 8044 Zurich",28.034188034188034,728.8888888888889,26.0,83,Zurich
190,3250.0,130.0,5.0,"Hardaustrasse 21, 8003 Zurich",25.0,650.0,26.0,21,Zurich
191,5330.0,191.0,4.5,"Zurlindenstrasse 111, 8003 Zurich",27.905759162303664,1184.4444444444443,42.44444444444444,111,Zurich
192,8570.0,190.0,9.5,"Volkmarstrasse 4, 8006 Zurich",45.10526315789474,902.1052631578947,20.0,4,Zurich
193,4510.0,148.0,6.5,"Triemlistrasse 153, 8047 Zurich",30.472972972972972,693.8461538461538,22.76923076923077,153,Zurich
194,3700.0,144.0,6.5,"Im Glockenacker 59, 8053 Zurich",25.694444444444443,569.2307692307693,22.153846153846153,59,Zurich
195,6950.0,160.0,6.0,"Landoltstrasse 3, 8006 Zurich",43.4375,1158.3333333333333,26.666666666666668,3,Zurich
196,5330.0,189.0,4.5,"Zurlindenstrasse 111, 8003 Zurich",28.201058201058203,1184.4444444444443,42.0,111,Zurich
197,6350.0,173.0,4.5,"Klausstrasse 23, 8008 Zurich",36.70520231213873,1411.111111111111,38.44444444444444,23,Zurich
198,3230.0,136.0,5.0,"Renggerstrasse 57, 8038 Zurich",23.75,646.0,27.2,57,Zurich
199,7430.0,140.0,6.0,"Gladbachstrasse 43, 8044 Zurich",53.07142857142857,1238.3333333333333,23.333333333333332,43,Zurich
200,9160.0,160.0,6.5,"Zollikerstrasse 147, 8008 Zurich",57.25,1409.2307692307693,24.615384615384617,147,Zurich
201,10980.0,230.0,7.5,"Stadelhoferstrasse 38, 8001 Zurich",47.73913043478261,1464.0,30.666666666666668,38,Zurich
202,2410.0,47.0,3.5,"Herrligweg 9, 8048 Zurich",51.276595744680854,688.5714285714286,13.428571428571429,9,Zurich
203,9760.0,150.0,8.0,"Clausiusstrasse 60, 8006 Zurich",65.06666666666666,1220.0,18.75,60,Zurich
204,4130.0,183.0,7.5,"Dennlerstr. 24, 8047 Zurich",22.56830601092896,550.6666666666666,24.4,24,Zurich
205,3210.0,160.0,6.5,"Dennlerstr. 22, 8047 Zurich",20.0625,493.84615384615387,24.615384615384617,22,Zurich
206,3660.0,169.0,6.5,"Dennlerstr. 22, 8047 Zurich",21.65680473372781,563.0769230769231,26.0,22,Zurich
207,4390.0,160.0,5.0,"Bederstrasse 82, 8002 Zurich",27.4375,878.0,32.0,82,Zurich
208,11180.0,250.0,7.5,8053 Zurich,44.72,1490.6666666666667,33.333333333333336,,Zurich
210,4050.0,140.0,4.5,"Gustav Gull Platz 11, 8004 Zurich",28.928571428571427,900.0,31.11111111111111,11,Zurich
211,4840.0,146.0,5.0,"Weinbergstrasse 68, 8006 Zurich",33.15068493150685,968.0,29.2,68,Zurich
212,4000.0,144.0,4.5,"Rötelstrasse 6, 8006 Zurich",27.77777777777778,888.8888888888889,32.0,6,Zurich
213,3540.0,90.0,3.0,"Grubenackerstrasse 71, 8052 Zurich",39.333333333333336,1180.0,30.0,71,Zurich
214,6440.0,140.0,8.0,"Kinkelstrasse 40, 8006 Zurich",46.0,805.0,17.5,40,Zurich
215,6480.0,200.0,7.5,"Scheideggstrasse 59, 8002 Zurich",32.4,864.0,26.666666666666668,59,Zurich
216,7430.0,160.0,7.5,"Aemtlerstrasse 74, 8003 Zurich",46.4375,990.6666666666666,21.333333333333332,74,Zurich
217,4710.0,150.0,6.5,"Kalkbreitestr. 115, 8003 Zurich",31.4,724.6153846153846,23.076923076923077,115,Zurich
218,4360.0,136.0,5.0,"Werdstrasse 110, 8004 Zurich",32.05882352941177,872.0,27.2,110,Zurich
219,4390.0,107.0,4.5,"Untermoosstrasse 1A, 8047 Zurich",41.02803738317757,975.5555555555555,23.77777777777778,1A,Zurich
220,4130.0,117.0,4.5,8053 Zurich,35.2991452991453,917.7777777777778,26.0,,Zurich
222,6330.0,165.0,6.5,"Gotthardstrasse 53, 8002 Zurich",38.36363636363637,973.8461538461538,25.384615384615383,53,Zurich
223,3420.0,51.0,3.5,"Tramstrasse 24, 8050 Zurich",67.05882352941177,977.1428571428571,14.571428571428571,24,Zurich
224,4170.0,170.0,6.5,"Küngenmatt 5, 8055 Zurich",24.529411764705884,641.5384615384615,26.153846153846153,5,Zurich
226,5660.0,180.0,6.5,8049 Zurich,31.444444444444443,870.7692307692307,27.692307692307693,,Zurich
227,5710.0,170.0,7.5,"Neunbrunnenstrasse 53, 8050 Zurich",33.588235294117645,761.3333333333334,22.666666666666668,53,Zurich
228,7230.0,150.0,6.5,"Weinbergstrasse 112, 8006 Zurich",48.2,1112.3076923076924,23.076923076923077,112,Zurich
229,5600.0,162.0,5.0,"Hufgasse 19, 8008 Zurich",34.5679012345679,1120.0,32.4,19,Zurich
230,6330.0,140.0,7.5,"Letzigraben 106, 8047 Zurich",45.214285714285715,844.0,18.666666666666668,106,Zurich
231,4150.0,148.0,5.0,"Langstrasse 206, 8005 Zurich",28.04054054054054,830.0,29.6,206,Zurich
232,3980.0,169.0,6.5,"Riedhofstrasse 378, 8049 Zurich",23.550295857988164,612.3076923076923,26.0,378,Zurich
233,5620.0,160.0,7.5,"Frohburgstrasse 322, 8057 Zurich",35.125,749.3333333333334,21.333333333333332,322,Zurich
234,4970.0,152.0,6.5,"Mainaustrasse 49, 8008 Zurich",32.69736842105263,764.6153846153846,23.384615384615383,49,Zurich
235,5040.0,129.0,3.0,"Weinbergstrasse 46, 8006 Zurich",39.06976744186046,1680.0,43.0,46,Zurich
236,5980.0,136.0,6.5,"Elisabethenstrasse 28, 8004 Zurich",43.970588235294116,920.0,20.923076923076923,28,Zurich
237,17440.0,550.0,7.5,"Bäckerstrasse 40, 8004 Zurich",31.70909090909091,2325.3333333333335,73.33333333333333,40,Zurich
238,5450.0,146.0,6.5,"Bucheggstrasse 21, 8037 Zurich",37.32876712328767,838.4615384615385,22.46153846153846,21,Zurich
239,7440.0,180.0,7.5,"Wehntalerstrasse 571, 8046 Zurich",41.333333333333336,992.0,24.0,571,Zurich
240,3100.0,125.0,6.5,"Altstetterstrasse 288, 8047 Zurich",24.8,476.9230769230769,19.23076923076923,288,Zurich
241,6180.0,138.0,4.5,"Haspelstrasse 5, 8041 Zurich",44.78260869565217,1373.3333333333333,30.666666666666668,5,Zurich
242,9090.0,191.0,8.0,"Clausiusstrasse 60, 8006 Zurich",47.59162303664922,1136.25,23.875,60,Zurich
243,9310.0,150.0,8.0,"Clausiusstrasse 60, 8006 Zurich",62.06666666666667,1163.75,18.75,60,Zurich
245,5030.0,140.0,6.5,"Forchstrasse 284, 8008 Zurich",35.92857142857143,773.8461538461538,21.53846153846154,284,Zurich
246,5540.0,111.0,4.5,"Rebgasse 8, 8004 Zurich",49.909909909909906,1231.111111111111,24.666666666666668,8,Zurich
247,6640.0,140.0,7.5,"Birmensdorferstrasse 280, 8055 Zurich",47.42857142857143,885.3333333333334,18.666666666666668,280,Zurich
248,6300.0,111.0,3.0,"Zweierstrasse 119, 8003 Zurich",56.75675675675676,2100.0,37.0,119,Zurich
250,7180.0,111.0,3.0,"Wolframplatz 1, 8045 Zurich",64.68468468468468,2393.3333333333335,37.0,1,Zurich
255,2880.0,130.0,4.5,"Affolternstrasse 77, 8050 Zurich",22.153846153846153,640.0,28.88888888888889,77,Zurich
256,3360.0,167.0,6.0,"Grabenwies 23/25/27, 8057 Zurich",20.119760479041915,560.0,27.833333333333332,23/25/27,Zurich
257,2510.0,78.0,3.5,"Knüslistrasse 6, 8004 Zurich",32.17948717948718,717.1428571428571,22.285714285714285,6,Zurich
258,4180.0,80.0,4.5,"Berninastrasse 58, 8057 Zurich",52.25,928.8888888888889,17.77777777777778,58,Zurich
259,3250.0,107.0,4.5,"Breitenlooweg 10, 8047 Zurich",30.373831775700936,722.2222222222222,23.77777777777778,10,Zurich
260,8360.0,180.0,9.5,"Austrasse 52, 8045 Zurich",46.44444444444444,880.0,18.94736842105263,52,Zurich
263,2950.0,88.0,3.5,"Englischviertelstrasse 71, 8032 Zurich",33.52272727272727,842.8571428571429,25.142857142857142,71,Zurich
264,6950.0,150.0,7.5,"Austrasse 52, 8045 Zurich",46.333333333333336,926.6666666666666,20.0,52,Zurich
265,6720.0,170.0,7.5,"Forsterstrasse 67, 8044 Zurich",39.529411764705884,896.0,22.666666666666668,67,Zurich
266,5160.0,160.0,6.5,"Winzerhalde 103, 8049 Zurich",32.25,793.8461538461538,24.615384615384617,103,Zurich
267,2080.0,127.0,4.5,"Am Holbrig 12, 8049 Zurich",16.37795275590551,462.22222222222223,28.22222222222222,12,Zurich
268,2720.0,175.0,6.5,"Am Holbrig 15, 8049 Zurich",15.542857142857143,418.46153846153845,26.923076923076923,15,Zurich
269,3350.0,76.0,4.5,"Rautistrasse 10A, 8047 Zurich",44.078947368421055,744.4444444444445,16.88888888888889,10A,Zurich
270,4520.0,167.0,6.0,"Schindlerstrasse 14, 8006 Zurich",27.065868263473053,753.3333333333334,27.833333333333332,14,Zurich
271,4900.0,148.0,5.0,"Seerosenstrasse 5, 8008 Zurich",33.108108108108105,980.0,29.6,5,Zurich
272,2390.0,45.0,2.0,"Aprikosenstrasse 5, 8051 Zurich",53.111111111111114,1195.0,22.5,5,Zurich
273,3390.0,191.0,7.5,"Carl Spittelerstr. 59, 8053 Zurich",17.74869109947644,452.0,25.466666666666665,59,Zurich
274,2980.0,61.0,3.5,"Untermoosstrasse 1A, 8047 Zurich",48.85245901639344,851.4285714285714,17.428571428571427,1A,Zurich
275,5590.0,127.0,6.5,"Untermoosstrasse 1A, 8047 Zurich",44.01574803149607,860.0,19.53846153846154,1A,Zurich
276,2830.0,57.0,3.5,"Untermoosstrasse 1, 8047 Zurich",49.64912280701754,808.5714285714286,16.285714285714285,1,Zurich
277,2680.0,49.0,3.5,"Untermoosstrasse 1, 8047 Zurich",54.69387755102041,765.7142857142857,14.0,1,Zurich
278,3350.0,76.0,4.5,"Rautistrasse 10A, 8047 Zurich",44.078947368421055,744.4444444444445,16.88888888888889,10A,Zurich
279,3890.0,105.0,4.5,"Austrasse 46, 8045 Zurich",37.04761904761905,864.4444444444445,23.333333333333332,46,Zurich
280,3890.0,189.0,6.5,"Armin-Bollinger-Weg 3, 8050 Zurich",20.582010582010582,598.4615384615385,29.076923076923077,3,Zurich
283,4620.0,140.0,6.5,"Zeltweg 9, 8032 Zurich",33.0,710.7692307692307,21.53846153846154,9,Zurich
284,4920.0,154.0,4.5,"Witikonerstrasse 26, 8032 Zurich",31.948051948051948,1093.3333333333333,34.22222222222222,26,Zurich
285,4920.0,90.0,4.5,"Badenerstrasse 250, 8004 Zurich",54.666666666666664,1093.3333333333333,20.0,250,Zurich
286,4620.0,113.0,4.5,"Badenerstrasse 250, 8004 Zurich",40.88495575221239,1026.6666666666667,25.11111111111111,250,Zurich
287,2830.0,152.0,7.5,"Balberstrasse 74, 8038 Zurich",18.61842105263158,377.3333333333333,20.266666666666666,74,Zurich
288,4740.0,170.0,3.0,"Max Bill Platz 5, 8050 Zurich",27.88235294117647,1580.0,56.666666666666664,5,Zurich
289,5210.0,160.0,6.5,"Hammerstrasse 59, 8032 Zurich",32.5625,801.5384615384615,24.615384615384617,59,Zurich
290,2620.0,103.0,3.0,"Ohmstrasse 16, 8050 Zurich",25.436893203883496,873.3333333333334,34.333333333333336,16,Zurich
291,10360.0,240.0,8.0,"Stapferstrasse 31, 8006 Zurich",43.166666666666664,1295.0,30.0,31,Zurich
292,4240.0,163.0,4.5,"Manessestrasse 6, 8003 Zurich",26.012269938650306,942.2222222222222,36.22222222222222,6,Zurich
293,5510.0,189.0,6.5,"Stampfenbachplatz 4, 8006 Zurich",29.15343915343915,847.6923076923077,29.076923076923077,4,Zurich
294,3540.0,158.0,6.5,"Greifenseestr. 53, 8050 Zurich",22.40506329113924,544.6153846153846,24.307692307692307,53,Zurich
295,3430.0,123.0,5.0,"Jungholzstrasse 20, 8050 Zurich",27.88617886178862,686.0,24.6,20,Zurich
296,7970.0,180.0,7.5,"Augustinergasse 38, 8001 Zurich",44.27777777777778,1062.6666666666667,24.0,38,Zurich
297,5940.0,181.0,6.0,"Apollostrasse 21, 8032 Zurich",32.81767955801105,990.0,30.166666666666668,21,Zurich
298,3050.0,140.0,6.0,"Hirzenbachstrasse 60, 8051 Zurich",21.785714285714285,508.3333333333333,23.333333333333332,60,Zurich
299,5360.0,183.0,6.5,"Zurlindenstrasse 111, 8003 Zurich",29.2896174863388,824.6153846153846,28.153846153846153,111,Zurich
300,3390.0,90.0,3.0,"Grubenackerstrasse 71, 8052 Zurich",37.666666666666664,1130.0,30.0,71,Zurich
301,2640.0,55.0,2.0,"Grubenackerstrasse 71, 8052 Zurich",48.0,1320.0,27.5,71,Zurich
303,5820.0,140.0,6.5,"Karl-Stauffer-Strasse 1, 8008 Zurich",41.57142857142857,895.3846153846154,21.53846153846154,1,Zurich
304,4150.0,170.0,7.5,"Wiesliacher 97, 8053 Zurich",24.41176470588235,553.3333333333334,22.666666666666668,97,Zurich
305,3250.0,132.0,5.0,"Baslerstrasse 119, 8048 Zurich",24.62121212121212,650.0,26.4,119,Zurich
306,4070.0,152.0,4.5,"Rötelstr. 6, 8006 Zurich",26.776315789473685,904.4444444444445,33.77777777777778,6,Zurich
307,22360.0,340.0,6.0,"Zurich, 8001 ZÃ¼rich",65.76470588235294,3726.6666666666665,56.666666666666664,Zurich,Zurich
308,3250.0,115.0,3.5,"Altstetterstrasse 178, 8048 Zurich",28.26086956521739,928.5714285714286,32.857142857142854,178,Zurich
309,9460.0,160.0,8.0,"Clausiusstrasse 60, 8006 Zurich",59.125,1182.5,20.0,60,Zurich
310,5880.0,170.0,7.5,"Wehntalerstrasse 571, 8046 Zurich",34.588235294117645,784.0,22.666666666666668,571,Zurich
312,3650.0,150.0,5.0,"Stodolastrasse 7, 8053 Zurich",24.333333333333332,730.0,30.0,7,Zurich
316,2750.0,117.0,4.5,"Karstlernstrasse 14, 8048 Zurich",23.504273504273506,611.1111111111111,26.0,14,Zurich
317,3210.0,158.0,6.5,"Dennlerstr. 24, 8047 Zurich",20.31645569620253,493.84615384615387,24.307692307692307,24,Zurich
318,3950.0,160.0,5.0,"Kirchenackerweg 13, 8050 Zurich",24.6875,790.0,32.0,13,Zurich
319,3750.0,130.0,4.5,"Wiesliacher 23, 8053 Zurich",28.846153846153847,833.3333333333334,28.88888888888889,23,Zurich
320,5970.0,170.0,9.5,"Wiesliacher 21, 8053 Zurich",35.11764705882353,628.421052631579,17.894736842105264,21,Zurich
321,4480.0,169.0,6.5,"Wiesliacher 23, 8053 Zurich",26.50887573964497,689.2307692307693,26.0,23,Zurich
322,1190.0,117.0,5.0,"Kiefernweg 34, 8057 Zurich",10.17094017094017,238.0,23.4,34,Zurich
323,4030.0,103.0,4.5,"Kasinostrasse 10, 8032 Zurich",39.12621359223301,895.5555555555555,22.88888888888889,10,Zurich
324,6310.0,179.0,6.5,"Kasinostrasse 10, 8032 Zurich",35.25139664804469,970.7692307692307,27.53846153846154,10,Zurich
325,10280.0,180.0,9.0,"Heliosstrasse 12, 8032 Zurich",57.111111111111114,1142.2222222222222,20.0,12,Zurich
326,2920.0,72.0,3.5,"Wiedingstrasse 87a, 8055 Zurich",40.55555555555556,834.2857142857143,20.571428571428573,87a,Zurich
327,8670.0,170.0,6.5,"Kasinostrasse 8, 8032 Zurich",51.0,1333.8461538461538,26.153846153846153,8,Zurich
328,3540.0,111.0,4.5,"Im Isengrind, 8046 Zurich",31.89189189189189,786.6666666666666,24.666666666666668,Isengrind,Zurich
329,2080.0,68.0,2.0,"Anemonenstrasse 7, 8047 Zurich",30.58823529411765,1040.0,34.0,7,Zurich
330,4970.0,140.0,6.5,"Seestrasse 434, 8038 Zurich",35.5,764.6153846153846,21.53846153846154,434,Zurich
333,3690.0,127.0,5.0,"Nordstrasse 6, 8006 Zurich",29.055118110236222,738.0,25.4,6,Zurich
335,3230.0,123.0,4.5,"Badenerstrasse 696, 8048 Zurich",26.260162601626018,717.7777777777778,27.333333333333332,696,Zurich
336,3710.0,136.0,3.0,"Salomon-Vögelin-Strasse 33, 8038 Zurich",27.279411764705884,1236.6666666666667,45.333333333333336,33,Zurich
337,2380.0,70.0,2.0,"Rautistrasse 159, 8048 Zurich",34.0,1190.0,35.0,159,Zurich
338,3980.0,115.0,4.5,"Freiestrasse 131, 8032 Zurich",34.608695652173914,884.4444444444445,25.555555555555557,131,Zurich
339,1410.0,94.0,3.0,"Badenerstr. 725, 8048 Zurich",15.0,470.0,31.333333333333332,725,Zurich
341,4010.0,148.0,4.5,"Dangelweg 3, 8038 Zurich",27.094594594594593,891.1111111111111,32.888888888888886,3,Zurich
342,3310.0,117.0,6.5,"Kügeliloostrasse 26, 8050 Zurich",28.29059829059829,509.2307692307692,18.0,26,Zurich
343,3800.0,136.0,4.5,"Wunderlistrasse 29, 8037 Zurich",27.941176470588236,844.4444444444445,30.22222222222222,29,Zurich
344,5150.0,148.0,6.5,"Austrasse 50, 8045 Zurich",34.7972972972973,792.3076923076923,22.76923076923077,50,Zurich
345,3090.0,113.0,4.5,"Grosswiesenstrasse 147, 8051 Zurich",27.345132743362832,686.6666666666666,25.11111111111111,147,Zurich
346,3280.0,127.0,5.0,"Altstetterstrasse 280, 8047 Zurich",25.826771653543307,656.0,25.4,280,Zurich
347,3200.0,53.0,2.0,"Steinstrasse 35 (S4), 8003 Zurich",60.37735849056604,1600.0,26.5,(S4),Zurich
348,2310.0,72.0,2.0,"Knüslistrasse 6, 8004 Zurich",32.083333333333336,1155.0,36.0,6,Zurich
349,4300.0,127.0,5.0,"Höschgasse 44, 8008 Zurich",33.85826771653543,860.0,25.4,44,Zurich
350,4070.0,119.0,2.0,"Schmelzbergstrasse 60, 8044 Zurich",34.20168067226891,2035.0,59.5,60,Zurich
351,2940.0,78.0,3.5,"Asylstr. 11, 8032 Zurich",37.69230769230769,840.0,22.285714285714285,11,Zurich
352,6410.0,175.0,6.5,"Asylstr. 11, 8032 Zurich",36.628571428571426,986.1538461538462,26.923076923076923,11,Zurich
353,6410.0,175.0,6.5,"Asylstr. 11, 8032 Zurich",36.628571428571426,986.1538461538462,26.923076923076923,11,Zurich
357,6220.0,191.0,5.0,"Leuengasse 4, 8001 Zurich",32.56544502617801,1244.0,38.2,4,Zurich
358,6060.0,160.0,7.5,"Buckhauserstr. 33, 8048 Zurich",37.875,808.0,21.333333333333332,33,Zurich
359,8200.0,340.0,11.5,"Kurfirstenstrasse 73, 8002 Zurich",24.11764705882353,713.0434782608696,29.565217391304348,73,Zurich
360,8620.0,220.0,9.5,"Haldenbachstrasse 30, 8006 Zurich",39.18181818181818,907.3684210526316,23.157894736842106,30,Zurich
361,8690.0,220.0,9.5,"Haldenbachstrasse 30, 8006 Zurich",39.5,914.7368421052631,23.157894736842106,30,Zurich
362,6570.0,150.0,7.5,"Restelbergstrasse 64, 8044 Zurich",43.8,876.0,20.0,64,Zurich
363,4770.0,181.0,5.0,"Pflugstr. 20, 8006 Zurich",26.353591160220994,954.0,36.2,20,Zurich
364,5740.0,160.0,4.5,"Brunaustr. 72, 8002 Zurich",35.875,1275.5555555555557,35.55555555555556,72,Zurich
365,3450.0,163.0,6.5,"Auhofstrasse 5, 8051 Zurich",21.165644171779142,530.7692307692307,25.076923076923077,5,Zurich
366,3700.0,94.0,3.0,"Klosbachstr. 50, 8032 Zurich",39.361702127659576,1233.3333333333333,31.333333333333332,50,Zurich
367,4270.0,160.0,4.5,"Uetlibergstrasse 197, 8045 Zurich",26.6875,948.8888888888889,35.55555555555556,197,Zurich
369,3950.0,148.0,5.0,"Waffenplatzstrasse 80, 8002 Zurich",26.68918918918919,790.0,29.6,80,Zurich
370,6180.0,190.0,7.5,"Buckhauserstr. 23, 8048 Zurich",32.526315789473685,824.0,25.333333333333332,23,Zurich
371,5460.0,158.0,6.5,"Kleinertstrasse 2, 8037 Zurich",34.55696202531646,840.0,24.307692307692307,2,Zurich
372,4880.0,105.0,4.5,"Limmatstrasse 27, 8005 Zurich",46.476190476190474,1084.4444444444443,23.333333333333332,27,Zurich
373,5250.0,185.0,4.5,"Tobelhofstrasse 242, 8044 Zurich",28.37837837837838,1166.6666666666667,41.111111111111114,242,Zurich
374,5590.0,160.0,6.5,"Tobelhofstrasse 242, 8044 Zurich",34.9375,860.0,24.615384615384617,242,Zurich
375,5310.0,162.0,6.5,"Tobelhofstrasse 240, 8044 Zurich",32.77777777777778,816.9230769230769,24.923076923076923,240,Zurich
389,7450.0,220.0,9.5,"Spiserstrasse 15, 8047 Zurich",33.86363636363637,784.2105263157895,23.157894736842106,15,Zurich
390,3770.0,123.0,5.0,"Rotwandstrasse 10, 8004 Zurich",30.650406504065042,754.0,24.6,10,Zurich
391,3760.0,117.0,3.0,"Baumgasse 10, 8005 Zurich",32.136752136752136,1253.3333333333333,39.0,10,Zurich
392,1820.0,27.0,2.0,"Badenerstrasse, 8003 Zurich",67.4074074074074,910.0,13.5,Badenerstrasse,Zurich
393,4100.0,171.0,6.5,"Michael-Maggi-Strasse 22, 8046 Zurich",23.976608187134502,630.7692307692307,26.307692307692307,22,Zurich
394,2780.0,136.0,5.0,"Frohburgstrasse 66, 8006 Zurich",20.441176470588236,556.0,27.2,66,Zurich
395,5960.0,148.0,5.0,"Klosbachstrasse 88, 8032 Zurich",40.270270270270274,1192.0,29.6,88,Zurich
396,6900.0,140.0,6.0,"Weinbergstrasse 114, 8006 Zurich",49.285714285714285,1150.0,23.333333333333332,114,Zurich
397,4690.0,140.0,6.5,"Buckhauserstr. 37, 8048 Zurich",33.5,721.5384615384615,21.53846153846154,37,Zurich
398,8340.0,160.0,6.5,"Billoweg 3, 8038 Zurich",52.125,1283.076923076923,24.615384615384617,3,Zurich
399,6560.0,200.0,9.5,"Meientalstrasse 79, 8048 Zurich",32.8,690.5263157894736,21.05263157894737,79,Zurich
400,6490.0,170.0,7.5,"Hardstrasse 5, 8004 Zurich",38.1764705882353,865.3333333333334,22.666666666666668,5,Zurich
401,2940.0,82.0,4.5,"Hardstrasse 5, 8004 Zurich",35.853658536585364,653.3333333333334,18.22222222222222,5,Zurich
402,2310.0,53.0,3.5,"Hardstrasse 5, 8004 Zurich",43.58490566037736,660.0,15.142857142857142,5,Zurich
403,3200.0,53.0,2.0,"Steinstrasse 35 (S3), 8003 Zurich",60.37735849056604,1600.0,26.5,(S3),Zurich
405,6530.0,160.0,7.5,"Aemtlerstrasse, 74, 8003 Zurich",40.8125,870.6666666666666,21.333333333333332,74,Zurich
406,6330.0,170.0,7.5,"Leutschenbachstrasse 30 - B702, 8050 Zurich",37.23529411764706,844.0,22.666666666666668,B702,Zurich
407,5410.0,169.0,6.5,"Leutschenbachstrasse 30 - B1301, 8050 Zurich",32.01183431952663,832.3076923076923,26.0,B1301,Zurich
408,2940.0,78.0,3.5,"Asylstr. 11, 8032 Zurich",37.69230769230769,840.0,22.285714285714285,11,Zurich
409,3950.0,140.0,4.5,"Buckhauserstr. 19, 8048 Zurich",28.214285714285715,877.7777777777778,31.11111111111111,19,Zurich
410,4620.0,82.0,4.5,"Am Wasser, 8049 Zurich",56.34146341463415,1026.6666666666667,18.22222222222222,Wasser,Zurich
411,8720.0,150.0,4.5,"Turbinenstrasse 18, 8005 Zurich",58.13333333333333,1937.7777777777778,33.333333333333336,18,Zurich
412,5300.0,163.0,6.5,"Seestrasse 412, 8038 Zurich",32.515337423312886,815.3846153846154,25.076923076923077,412,Zurich
413,5250.0,171.0,6.5,"Leutschenbachstrasse 30 - B1306, 8050 Zurich",30.70175438596491,807.6923076923077,26.307692307692307,B1306,Zurich
415,3870.0,107.0,3.0,"Bergstrasse 109, 8032 Zurich",36.16822429906542,1290.0,35.666666666666664,109,Zurich
418,4250.0,82.0,3.0,"Kirchgasse 33, 8001 Zurich",51.829268292682926,1416.6666666666667,27.333333333333332,33,Zurich
419,5210.0,180.0,6.0,"Hügelstrasse, 8002 Zurich",28.944444444444443,868.3333333333334,30.0,Hügelstrasse,Zurich
420,6220.0,210.0,7.5,"363 Schaffhauserstrasse, 8050 Zurich",29.61904761904762,829.3333333333334,28.0,Schaffhauserstrasse,Zurich
421,2630.0,47.0,2.0,"Zielweg 80, 8055 Zurich",55.95744680851064,1315.0,23.5,80,Zurich
422,5310.0,162.0,6.5,"Tobelhofstrasse 242, 8044 Zurich",32.77777777777778,816.9230769230769,24.923076923076923,242,Zurich
425,7230.0,105.0,3.0,"Cramerstrasse 8-12, 8004 Zurich",68.85714285714286,2410.0,35.0,8-12,Zurich
426,11180.0,240.0,6.5,"Leutschenbachstrasse 30 - B1803, 8050 Zurich",46.583333333333336,1720.0,36.92307692307692,B1803,Zurich
433,6460.0,96.0,3.0,"Rotachstrasse 33, 8003 Zurich",67.29166666666667,2153.3333333333335,32.0,33,Zurich
446,9860.0,220.0,7.5,"Signaustrasse 10, 8008 Zurich",44.81818181818182,1314.6666666666667,29.333333333333332,10,Zurich
450,4100.0,96.0,3.0,"Scheffelstrasse 3, 8037 Zurich",42.708333333333336,1366.6666666666667,32.0,3,Zurich
451,3230.0,181.0,6.0,"Stettbachstrasse 35, 8051 Zurich",17.845303867403317,538.3333333333334,30.166666666666668,35,Zurich
452,4470.0,156.0,5.0,8046 Zurich,28.653846153846153,894.0,31.2,,Zurich
453,4770.0,175.0,6.0,8046 Zurich,27.257142857142856,795.0,29.166666666666668,,Zurich
454,11180.0,310.0,11.0,8006 Zurich,36.064516129032256,1016.3636363636364,28.181818181818183,,Zurich
455,5590.0,175.0,7.5,"In der Wässeri 25, 8047 Zurich",31.942857142857143,745.3333333333334,23.333333333333332,25,Zurich
456,3600.0,111.0,3.0,"Steinstrasse 73, 8003 Zurich",32.432432432432435,1200.0,37.0,73,Zurich
457,3870.0,146.0,6.5,"Diggelmannstrasse 27, 8047 Zurich",26.506849315068493,595.3846153846154,22.46153846153846,27,Zurich
463,4320.0,160.0,6.0,"Bertastrasse 69, 8003 Zurich",27.0,720.0,26.666666666666668,69,Zurich
464,4110.0,146.0,4.5,"Triemlistrasse 89, 8047 Zurich",28.15068493150685,913.3333333333334,32.44444444444444,89,Zurich
466,4920.0,78.0,4.5,"Gubelstrasse 64, 8050 Zurich",63.07692307692308,1093.3333333333333,17.333333333333332,64,Zurich
467,5060.0,107.0,4.5,"Gubelstrasse 64, 8050 Zurich",47.28971962616822,1124.4444444444443,23.77777777777778,64,Zurich
468,4920.0,88.0,4.5,"Gubelstrasse 64, 8050 Zurich",55.90909090909091,1093.3333333333333,19.555555555555557,64,Zurich
469,4920.0,68.0,3.0,"Gubelstrasse 64, 8050 Zurich",72.3529411764706,1640.0,22.666666666666668,64,Zurich
478,5080.0,117.0,5.0,"Binzmühlestr. 48, 8050 Zurich",43.41880341880342,1016.0,23.4,48,Zurich
485,5140.0,146.0,6.5,"Gubelstrasse 64, 8050 Zurich",35.205479452054796,790.7692307692307,22.46153846153846,64,Zurich
486,5880.0,175.0,6.0,"Gubelstrasse 64, 8050 Zurich",33.6,980.0,29.166666666666668,64,Zurich
488,9430.0,167.0,3.0,"Bellariastrasse 36, 8002 Zurich",56.467065868263475,3143.3333333333335,55.666666666666664,36,Zurich
502,6310.0,90.0,3.0,"Cramerstrasse 2-6, 8004 Zurich",70.11111111111111,2103.3333333333335,30.0,2-6,Zurich
518,7870.0,162.0,6.5,"Seefeldstrasse, 8008 Zurich",48.58024691358025,1210.7692307692307,24.923076923076923,Seefeldstrasse,Zurich
519,6980.0,140.0,7.5,"Beckhammer 19, 8057 Zurich",49.857142857142854,930.6666666666666,18.666666666666668,19,Zurich
520,2540.0,59.0,2.0,"Minervastrasse 9, 8032 Zurich",43.05084745762712,1270.0,29.5,9,Zurich
521,4380.0,156.0,4.5,"Forchstrasse 279, 8008 Zurich",28.076923076923077,973.3333333333334,34.666666666666664,279,Zurich
522,1420.0,21.0,2.0,"Auhofstrasse, 8051 Zurich",67.61904761904762,710.0,10.5,Auhofstrasse,Zurich
525,2190.0,74.0,3.5,"Brandschenkestrasse 160, 8002 Zurich",29.594594594594593,625.7142857142857,21.142857142857142,160,Zurich
526,5140.0,175.0,6.0,"Nelkenstrasse 7, 8006 Zurich",29.37142857142857,856.6666666666666,29.166666666666668,7,Zurich
527,4540.0,117.0,4.5,"Dufourstrasse 189, 8008 Zurich",38.8034188034188,1008.8888888888889,26.0,189,Zurich
529,3050.0,117.0,3.0,"Probusweg 6, 8057 Zurich",26.068376068376068,1016.6666666666666,39.0,6,Zurich
530,3550.0,136.0,5.0,"Eulenweg 5, 8048 Zurich",26.102941176470587,710.0,27.2,5,Zurich
531,5360.0,136.0,6.5,"Haldenbachstrasse 21, 8006 Zurich",39.411764705882355,824.6153846153846,20.923076923076923,21,Zurich
532,4630.0,129.0,4.5,"Sonnhaldenstrasse 12, 8032 Zurich",35.89147286821706,1028.888888888889,28.666666666666668,12,Zurich
535,2830.0,78.0,2.0,"Salvatorstrasse 9, 8050 Zurich",36.282051282051285,1415.0,39.0,9,Zurich
536,2470.0,57.0,2.0,"Bäckerstrasse 20, 8004 Zurich",43.333333333333336,1235.0,28.5,20,Zurich
537,6820.0,160.0,6.5,"Mythenquai 349a, 8038 Zurich",42.625,1049.2307692307693,24.615384615384617,349a,Zurich
538,3420.0,136.0,5.0,"Kalkbreitestrasse 99, 8003 Zurich",25.147058823529413,684.0,27.2,99,Zurich
539,3200.0,129.0,5.0,"Waffenplatzstr. 21, 8002 Zurich",24.8062015503876,640.0,25.8,21,Zurich
541,3050.0,117.0,3.0,"Probusweg 6, 8057 Zurich",26.068376068376068,1016.6666666666666,39.0,6,Zurich
542,7200.0,180.0,7.5,8048 Zurich,40.0,960.0,24.0,,Zurich
544,5140.0,140.0,6.5,"Badenerstrasse 853, 8048 Zurich",36.714285714285715,790.7692307692307,21.53846153846154,853,Zurich
546,8790.0,150.0,6.5,"Bergstrasse 109, 8032 Zurich",58.6,1352.3076923076924,23.076923076923077,109,Zurich
549,4030.0,150.0,6.5,"Schächenstrasse 8, 8048 Zurich",26.866666666666667,620.0,23.076923076923077,8,Zurich
552,5060.0,136.0,6.5,"Badenerstrasse 362, 8004 Zurich",37.205882352941174,778.4615384615385,20.923076923076923,362,Zurich
555,4580.0,117.0,4.5,"Gubelstrasse 64, 8050 Zurich",39.14529914529915,1017.7777777777778,26.0,64,Zurich
557,3950.0,117.0,3.0,"Hanfrose 8, 8055 Zurich",33.76068376068376,1316.6666666666667,39.0,8,Zurich
558,4620.0,117.0,3.0,"Zelgstrasse 19, 8003 Zurich",39.48717948717949,1540.0,39.0,19,Zurich
559,4320.0,117.0,4.5,"Asylstrasse 125, 8032 Zurich",36.92307692307692,960.0,26.0,125,Zurich
560,5060.0,136.0,5.0,"Friesstrasse 12, 8050 Zurich",37.205882352941174,1012.0,27.2,12,Zurich
561,4100.0,78.0,4.5,"Friesstrasse 12, 8050 Zurich",52.56410256410256,911.1111111111111,17.333333333333332,12,Zurich
562,4100.0,78.0,4.5,"Asylstrasse 125, 8032 Zurich",52.56410256410256,911.1111111111111,17.333333333333332,125,Zurich
563,5810.0,150.0,5.0,"Universitätsstrasse 80/82, 8006 Zurich",38.733333333333334,1162.0,30.0,80/82,Zurich
564,5190.0,88.0,5.0,"Zelgstrasse 19, 8003 Zurich",58.97727272727273,1038.0,17.6,19,Zurich
567,6300.0,156.0,5.0,"Hardstrasse 236/238, 8005 Zurich",40.38461538461539,1260.0,31.2,236/238,Zurich
569,7070.0,105.0,3.0,"Cramerstrasse 8-12, 8004 Zurich",67.33333333333333,2356.6666666666665,35.0,8-12,Zurich
571,2530.0,78.0,3.5,"Witikonerstrasse 54, 8032 Zurich",32.43589743589744,722.8571428571429,22.285714285714285,54,Zurich
572,4220.0,86.0,4.5,"Berninastrasse 58, 8057 Zurich",49.06976744186046,937.7777777777778,19.11111111111111,58,Zurich
573,4680.0,160.0,7.5,"Im oberen Boden 19, 8049 Zurich",29.25,624.0,21.333333333333332,19,Zurich
574,3280.0,136.0,5.0,"Farenweg 6, 8038 Zurich",24.11764705882353,656.0,27.2,6,Zurich
576,2800.0,109.0,4.5,"Im Struppen 5, 8048 Zurich",25.68807339449541,622.2222222222222,24.22222222222222,5,Zurich
577,6050.0,185.0,7.5,"Clausiusstrasse 62, 8006 Zurich",32.7027027027027,806.6666666666666,24.666666666666668,62,Zurich
578,4920.0,175.0,6.5,"Wibichstrasse 88, 8037 Zurich",28.114285714285714,756.9230769230769,26.923076923076923,88,Zurich
579,2870.0,61.0,3.5,"Feldstrasse 55, 8004 Zurich",47.049180327868854,820.0,17.428571428571427,55,Zurich
580,3080.0,165.0,6.5,"Albisstrasse 10, 8038 Zurich",18.666666666666668,473.84615384615387,25.384615384615383,10,Zurich
581,8940.0,180.0,6.5,"Pfingstweidstrasse 98, 8005 Zurich",49.666666666666664,1375.3846153846155,27.692307692307693,98,Zurich
582,5860.0,140.0,5.0,"Fritz-Fleiner-Weg, 8044 Zurich",41.857142857142854,1172.0,28.0,Fritz-Fleiner-Weg,Zurich
584,1610.0,25.0,2.0,"Bockhornstrasse, 8047 Zurich",64.4,805.0,12.5,Bockhornstrasse,Zurich
587,5970.0,140.0,6.5,"Mutschellenstrasse 144, 8038 Zurich",42.642857142857146,918.4615384615385,21.53846153846154,144,Zurich
588,5950.0,140.0,6.0,"Flühgasse 35, 8008 Zurich",42.5,991.6666666666666,23.333333333333332,35,Zurich
589,4170.0,129.0,4.5,"Winzerstrasse 103, 8049 Zurich",32.325581395348834,926.6666666666666,28.666666666666668,103,Zurich
591,5710.0,191.0,6.5,"Scheuchzerstrasse 66, 8006 Zurich",29.895287958115183,878.4615384615385,29.384615384615383,66,Zurich
592,4620.0,134.0,4.5,"Scheuchzerstrasse 66, 8006 Zurich",34.47761194029851,1026.6666666666667,29.77777777777778,66,Zurich
593,3180.0,84.0,2.0,"Scheuchzerstrasse 66, 8006 Zurich",37.857142857142854,1590.0,42.0,66,Zurich
594,2390.0,55.0,2.0,"Zollstrasse 6, 8000 Zurich",43.45454545454545,1195.0,27.5,6,Zurich
596,3160.0,169.0,6.0,"In der Wässeri 4, 8047 Zurich",18.698224852071007,526.6666666666666,28.166666666666668,4,Zurich
597,2920.0,105.0,4.5,"Rebbergstrasse 9, 8037 Zurich",27.80952380952381,648.8888888888889,23.333333333333332,9,Zurich
598,2470.0,65.0,3.5,"Zähringerstrasse 29, 8001 Zurich",38.0,705.7142857142857,18.571428571428573,29,Zurich
599,7600.0,180.0,7.5,"Weihersteig 16, 8037 Zurich",42.22222222222222,1013.3333333333334,24.0,16,Zurich
600,5350.0,156.0,6.5,"Nordstrasse 7, 8006 Zurigo",34.294871794871796,823.0769230769231,24.0,7,Zurich
601,2070.0,136.0,6.5,"Birmensdorferstrasse 38, 8004 Zurich",15.220588235294118,318.46153846153845,20.923076923076923,38,Zurich
602,6260.0,170.0,6.5,"Schärenmoosstrasse 76, 8052 Zurich",36.8235294117647,963.0769230769231,26.153846153846153,76,Zurich
604,4620.0,111.0,4.5,"Im Heuried 70, 8055 Zurich",41.62162162162162,1026.6666666666667,24.666666666666668,70,Zurich
606,2160.0,117.0,5.0,"Apfelbaumstrasse 2, 8050 Zurich",18.46153846153846,432.0,23.4,2,Zurich
607,2800.0,98.0,3.0,"Im Brächli 17, 8053 Zurich",28.571428571428573,933.3333333333334,32.666666666666664,17,Zurich
608,1880.0,45.0,2.0,"Ekkehardstrasse 32, 8006 Zurich",41.77777777777778,940.0,22.5,32,Zurich
609,3800.0,146.0,3.5,"Spinnereiplatz 1, 8041 Zurich",26.027397260273972,1085.7142857142858,41.714285714285715,1,Zurich
610,3160.0,84.0,3.5,"Turbinenstrasse 46, 8005 Zurich",37.61904761904762,902.8571428571429,24.0,46,Zurich
611,2480.0,105.0,3.0,"Möhrlistrasse 103, 8006 Zurich",23.61904761904762,826.6666666666666,35.0,103,Zurich
613,1930.0,240.0,10.5,"Stiglenstrasse 12, 8052 Zurich",8.041666666666666,183.8095238095238,22.857142857142858,12,Zurich
614,1060.0,18.0,2.0,"Sonneggstrasse 77, 8006 Zurich",58.888888888888886,530.0,9.0,77,Zurich
615,7190.0,150.0,7.5,"Scheuchzerstrasse 77, 8006 Zurich",47.93333333333333,958.6666666666666,20.0,77,Zurich
617,4990.0,175.0,6.5,"Zollikerstrasse 243, 8008 Zurich",28.514285714285716,767.6923076923077,26.923076923076923,243,Zurich
618,3130.0,160.0,6.0,"Loorenstrasse 18, 8053 Zurich",19.5625,521.6666666666666,26.666666666666668,18,Zurich
619,3660.0,171.0,6.5,"Michelstrasse 15, 8049 Zurich",21.403508771929825,563.0769230769231,26.307692307692307,15,Zurich
620,4590.0,152.0,5.0,"Zurichbergstrasse 72, 8044 Zurich",30.19736842105263,918.0,30.4,72,Zurich
621,3650.0,96.0,3.0,"Scheffelstrasse 3, 8037 Zurich",38.020833333333336,1216.6666666666667,32.0,3,Zurich
623,3820.0,169.0,6.0,"Forsterstrasse 66, 8044 Zurich",22.60355029585799,636.6666666666666,28.166666666666668,66,Zurich
624,3950.0,78.0,3.5,"Baumackerstrasse 8, 8050 Zurich",50.64102564102564,1128.5714285714287,22.285714285714285,8,Zurich
625,5900.0,185.0,6.5,"Baumackerstrasse 8, 8050 Zurich",31.89189189189189,907.6923076923077,28.46153846153846,8,Zurich
630,5210.0,88.0,2.0,"Germaniastrasse 99, 8044 Zurich",59.20454545454545,2605.0,44.0,99,Zurich
631,3550.0,115.0,3.5,"Beckenhofstrasse 6, 8006 Zurich",30.869565217391305,1014.2857142857143,32.857142857142854,6,Zurich
632,5440.0,160.0,7.5,"Birmensdorferstrasse 93, 8003 Zurich",34.0,725.3333333333334,21.333333333333332,93,Zurich
638,4020.0,72.0,3.0,"Binzmühlestrasse 51, 8050 Zurich",55.833333333333336,1340.0,24.0,51,Zurich
639,4390.0,117.0,3.0,"Universitätsstrasse 80/82, 8006 Zurich",37.52136752136752,1463.3333333333333,39.0,80/82,Zurich
647,4390.0,88.0,3.0,"Zelgstrasse 19, 8003 Zurich",49.88636363636363,1463.3333333333333,29.333333333333332,19,Zurich
649,4430.0,107.0,4.5,"Badenerstrasse 362, 8004 Zurich",41.401869158878505,984.4444444444445,23.77777777777778,362,Zurich
650,5340.0,136.0,6.5,"Zelgstrasse 19, 8003 Zurich",39.26470588235294,821.5384615384615,20.923076923076923,19,Zurich
652,4770.0,146.0,5.0,"Friesstrasse 12, 8050 Zurich",32.67123287671233,954.0,29.2,12,Zurich
654,4920.0,78.0,4.5,"Langstrasse 213, 8005 Zurich",63.07692307692308,1093.3333333333333,17.333333333333332,213,Zurich
655,4100.0,68.0,3.0,"Langstrasse 213, 8005 Zurich",60.294117647058826,1366.6666666666667,22.666666666666668,213,Zurich
656,3280.0,59.0,2.0,"Friesstrasse 12, 8050 Zurich",55.59322033898305,1640.0,29.5,12,Zurich
659,4100.0,78.0,3.0,"Friesstrasse 16, 8050 Zurich",52.56410256410256,1366.6666666666667,26.0,16,Zurich
660,4430.0,88.0,3.0,"Zelgstrasse 19, 8003 Zurich",50.34090909090909,1476.6666666666667,29.333333333333332,19,Zurich
661,3130.0,59.0,2.0,"Friesstrasse 12, 8050 Zurich",53.05084745762712,1565.0,29.5,12,Zurich
662,4100.0,78.0,3.0,"Friesstrasse 16, 8050 Zurich",52.56410256410256,1366.6666666666667,26.0,16,Zurich
666,3200.0,68.0,3.5,"Gubelstrasse 64, 8050 Zurich",47.05882352941177,914.2857142857143,19.428571428571427,64,Zurich
667,3250.0,49.0,3.5,"Friesstrasse 33, 8050 Zurich",66.3265306122449,928.5714285714286,14.0,33,Zurich
668,3250.0,49.0,3.5,"Friesstrasse 33, 8050 Zurich",66.3265306122449,928.5714285714286,14.0,33,Zurich
669,3280.0,51.0,3.5,"Friesstrasse 16, 8050 Zurich",64.31372549019608,937.1428571428571,14.571428571428571,16,Zurich
670,3950.0,78.0,3.0,"Friesstrasse 8, 8050 Zurich",50.64102564102564,1316.6666666666667,26.0,8,Zurich
672,2800.0,39.0,3.5,"Friesstrasse 8, 8050 Zurich",71.7948717948718,800.0,11.142857142857142,8,Zurich
674,3570.0,59.0,2.0,"Binzmühlestrasse 51, 8050 Zurich",60.50847457627118,1785.0,29.5,51,Zurich
675,3350.0,49.0,2.0,"Binzmühlestrasse 51, 8050 Zurich",68.36734693877551,1675.0,24.5,51,Zurich
681,3150.0,154.0,6.5,"Zurlindenstrasse 1, 8003 Zurich",20.454545454545453,484.61538461538464,23.692307692307693,1,Zurich
682,2970.0,88.0,4.5,"Zurlindenstrasse 1, 8003 Zurich",33.75,660.0,19.555555555555557,1,Zurich
683,3110.0,117.0,4.5,"Hädrichstrasse 13, 8047 Zurich",26.581196581196583,691.1111111111111,26.0,13,Zurich
684,3420.0,117.0,5.0,"Hegibachstrasse, 8032 Zurich",29.23076923076923,684.0,23.4,Hegibachstrasse,Zurich
686,5770.0,170.0,7.5,"Klebestrasse, 8041 Zurigo",33.94117647058823,769.3333333333334,22.666666666666668,Klebestrasse,Zurich
687,2970.0,72.0,3.0,"Münstergasse, 8001 Zurich",41.25,990.0,24.0,Münstergasse,Zurich
689,4170.0,136.0,6.5,"Bederstrasse, 8002 Zurich",30.66176470588235,641.5384615384615,20.923076923076923,Bederstrasse,Zurich
690,2230.0,39.0,2.0,"Rieterstrasse, 8002 Zurich",57.17948717948718,1115.0,19.5,Rieterstrasse,Zurich
692,5490.0,179.0,6.5,"Germaniastrasse, 8006 Zurich",30.670391061452513,844.6153846153846,27.53846153846154,Germaniastrasse,Zurich
693,3740.0,103.0,6.5,"Spitalgasse, 8001 Zurich",36.310679611650485,575.3846153846154,15.846153846153847,Spitalgasse,Zurich
694,740.0,136.0,5.0,"Kornhausstrasse, 8006 Zurich",5.4411764705882355,148.0,27.2,Kornhausstrasse,Zurich
695,4280.0,146.0,6.5,"Turnerstrasse 4, 8006 Zurich",29.315068493150687,658.4615384615385,22.46153846153846,4,Zurich
696,7380.0,140.0,4.5,"Josefstrasse, 8005 Zurich",52.714285714285715,1640.0,31.11111111111111,Josefstrasse,Zurich
697,5860.0,140.0,6.5,"Fritz-Fleiner-Weg, 8044 Zurich",41.857142857142854,901.5384615384615,21.53846153846154,Fritz-Fleiner-Weg,Zurich
698,1780.0,39.0,3.5,"Burstwiesenstrasse 80, 8055 Zurich",45.64102564102564,508.57142857142856,11.142857142857142,80,Zurich
699,3280.0,156.0,5.0,"Dennlerstrasse, 8047 Zurich",21.025641025641026,656.0,31.2,Dennlerstrasse,Zurich
700,12420.0,290.0,10.5,"Sihlstrasse, 8001 Zurich",42.827586206896555,1182.857142857143,27.61904761904762,Sihlstrasse,Zurich
702,2680.0,109.0,4.5,"Am Wasser 97, 8049 Zurich",24.587155963302752,595.5555555555555,24.22222222222222,97,Zurich
703,5650.0,127.0,4.5,"Susenbergstrasse 177, 8044 Zurich",44.488188976377955,1255.5555555555557,28.22222222222222,177,Zurich
710,5850.0,160.0,4.5,"Forchstrasse 84, 8008 Zurich",36.5625,1300.0,35.55555555555556,84,Zurich
711,4590.0,152.0,6.5,"Zurichbergstrasse 72, 8044 Zurich",30.19736842105263,706.1538461538462,23.384615384615383,72,Zurich
712,2530.0,66.0,2.0,"Breitingerstrasse 35, 8002 Zurich",38.333333333333336,1265.0,33.0,35,Zurich
714,5940.0,187.0,6.5,"Arbenzstrasse, 8008 Zurich",31.764705882352942,913.8461538461538,28.76923076923077,Arbenzstrasse,Zurich
715,4100.0,146.0,4.5,"Badenerstrasse 843, 8005 Zurich",28.08219178082192,911.1111111111111,32.44444444444444,843,Zurich
716,8200.0,175.0,5.0,"Bellerivestrasse, 8008 Zurich",46.857142857142854,1640.0,35.0,Bellerivestrasse,Zurich
717,2690.0,130.0,4.5,"Auwiesenstrasse, 8050 Zurich",20.692307692307693,597.7777777777778,28.88888888888889,Auwiesenstrasse,Zurich
719,3740.0,136.0,4.5,"Glattalstrasse 37, 8052 Zurich",27.5,831.1111111111111,30.22222222222222,37,Zurich
720,6630.0,160.0,6.5,"Staffelstrasse 3, 8045 Zurich",41.4375,1020.0,24.615384615384617,3,Zurich
722,630.0,140.0,2.0,"Meinrad-Lienert-Strasse 23, 8003 Zurich",4.5,315.0,70.0,23,Zurich
723,2680.0,59.0,3.5,"Badenerstrasse 414, 8004 Zurich",45.42372881355932,765.7142857142857,16.857142857142858,414,Zurich
730,2900.0,117.0,3.0,"Albulastrasse 52, 8048 Zurich",24.786324786324787,966.6666666666666,39.0,52,Zurich
731,3240.0,117.0,3.0,"Hubenstrasse 20, 8057 Zurich",27.692307692307693,1080.0,39.0,20,Zurich
732,4460.0,140.0,4.5,"Forchstrasse 331, 8008 Zurich",31.857142857142858,991.1111111111111,31.11111111111111,331,Zurich
734,3280.0,132.0,4.5,"Kreis 4, 8004 Zurich",24.848484848484848,728.8888888888889,29.333333333333332,4,Zurich
735,3610.0,146.0,4.5,"Guggerweg 3, 8057 Zurich",24.726027397260275,802.2222222222222,32.44444444444444,3,Zurich
736,2730.0,125.0,3.0,"Langgrütstrasse 54, 8047 Zurich",21.84,910.0,41.666666666666664,54,Zurich
737,6330.0,187.0,7.5,"Rötelstrasse 11, 8006 Zurich",33.850267379679146,844.0,24.933333333333334,11,Zurich
740,8790.0,140.0,6.5,8004 Zurich,62.785714285714285,1352.3076923076924,21.53846153846154,,Zurich
741,4320.0,160.0,6.5,"Käferholzstrasse 30, 8057 Zurich",27.0,664.6153846153846,24.615384615384617,30,Zurich
743,4110.0,146.0,4.5,"In der Ey 29, 8047 Zurich",28.15068493150685,913.3333333333334,32.44444444444444,29,Zurich
744,5030.0,140.0,7.5,"Triemlistrasse 21, 8004 Zurich",35.92857142857143,670.6666666666666,18.666666666666668,21,Zurich
745,6490.0,210.0,7.5,"Frauentalweg 102, 8045 Zurich",30.904761904761905,865.3333333333334,28.0,102,Zurich
747,2750.0,70.0,3.0,"Elisabethenstrasse 10-14, 8004 Zurich",39.285714285714285,916.6666666666666,23.333333333333332,10-14,Zurich
749,2230.0,127.0,4.5,8008 Zurich,17.559055118110237,495.55555555555554,28.22222222222222,,Zurich
750,5360.0,170.0,7.5,"Klebestrasse, 8041 Zurich",31.529411764705884,714.6666666666666,22.666666666666668,Klebestrasse,Zurich
751,3130.0,136.0,6.5,"Limmatstrasse, 8005 Zurich",23.014705882352942,481.53846153846155,20.923076923076923,Limmatstrasse,Zurich
752,5640.0,146.0,6.5,8032 Zurich,38.63013698630137,867.6923076923077,22.46153846153846,,Zurich
753,4850.0,165.0,6.5,"Baurstrasse, 8008 Zurich",29.393939393939394,746.1538461538462,25.384615384615383,Baurstrasse,Zurich
754,2780.0,136.0,5.0,"heinrich-federer-strasse, 8038 Zurich",20.441176470588236,556.0,27.2,heinrich-federer-strasse,Zurich
755,1460.0,27.0,2.0,"Gubelstrasse, 8050 Zurich",54.074074074074076,730.0,13.5,Gubelstrasse,Zurich
758,4100.0,136.0,4.5,"Zurlindenstrasse 120, 8003 Zurich",30.147058823529413,911.1111111111111,30.22222222222222,120,Zurich
759,5860.0,140.0,6.5,"Zurichberg, 8044 Zurich",41.857142857142854,901.5384615384615,21.53846153846154,Zurichberg,Zurich
761,3720.0,156.0,6.5,"Ausstellungsstrasse, 8005 Zurich",23.846153846153847,572.3076923076923,24.0,Ausstellungsstrasse,Zurich
762,4000.0,160.0,3.5,8008 Zurich,25.0,1142.857142857143,45.714285714285715,,Zurich
763,3570.0,123.0,5.0,"Müllerstrasse, 8004 Zurich",29.024390243902438,714.0,24.6,Müllerstrasse,Zurich
764,3720.0,183.0,7.5,"Herrligstrasse, 8048 Zurich",20.327868852459016,496.0,24.4,Herrligstrasse,Zurich
766,4460.0,175.0,4.5,"Gräbligasse, 8001 Zurich",25.485714285714284,991.1111111111111,38.888888888888886,Gräbligasse,Zurich
767,2080.0,156.0,4.5,"sihlhallenstrasse, 8004 Zurich",13.333333333333334,462.22222222222223,34.666666666666664,sihlhallenstrasse,Zurich
768,4440.0,117.0,4.5,"Limmatquai, 8001 Zurich",37.94871794871795,986.6666666666666,26.0,Limmatquai,Zurich
769,5140.0,140.0,6.5,"Flurstrasse close to Hohlstrasse, 8048 Zurich",36.714285714285715,790.7692307692307,21.53846153846154,Hohlstrasse,Zurich
770,2830.0,140.0,7.5,8049 Zurich,20.214285714285715,377.3333333333333,18.666666666666668,,Zurich
771,4240.0,136.0,4.5,8038 Zurich,31.176470588235293,942.2222222222222,30.22222222222222,,Zurich
772,5810.0,160.0,6.5,8008 Zurich,36.3125,893.8461538461538,24.615384615384617,,Zurich
773,4630.0,140.0,7.5,8004 Zurich,33.07142857142857,617.3333333333334,18.666666666666668,,Zurich
774,4620.0,140.0,7.5,8004 Zurich,33.0,616.0,18.666666666666668,,Zurich
775,6200.0,200.0,9.5,8032 Zurich,31.0,652.6315789473684,21.05263157894737,,Zurich
776,4920.0,136.0,5.0,8004 Zurich,36.1764705882353,984.0,27.2,,Zurich
777,3870.0,160.0,9.5,8048 Zurich,24.1875,407.36842105263156,16.842105263157894,,Zurich
780,13410.0,280.0,11.5,8044 Zurich,47.892857142857146,1166.0869565217392,24.347826086956523,,Zurich
781,3720.0,127.0,4.5,"Tramstrasse, 8050 Zurich",29.291338582677167,826.6666666666666,28.22222222222222,Tramstrasse,Zurich
782,1190.0,59.0,2.0,"idastrasse, 8003 Zurich",20.16949152542373,595.0,29.5,idastrasse,Zurich
785,5910.0,170.0,7.5,8049 Zurich,34.76470588235294,788.0,22.666666666666668,,Zurich
786,3350.0,130.0,4.5,8052 Zurich,25.76923076923077,744.4444444444445,28.88888888888889,,Zurich
787,3720.0,136.0,4.5,8053 Zurich,27.352941176470587,826.6666666666666,30.22222222222222,,Zurich
790,4170.0,175.0,6.5,8055 Zurich,23.82857142857143,641.5384615384615,26.923076923076923,,Zurich
791,4320.0,160.0,7.5,8004 Zurich,27.0,576.0,21.333333333333332,,Zurich
792,3540.0,127.0,5.0,"Birmensdorferstrasse, 8055 Zurich",27.874015748031496,708.0,25.4,Birmensdorferstrasse,Zurich
798,5180.0,160.0,6.5,"Schauenbergstrasse 32, 8046 Zurich",32.375,796.9230769230769,24.615384615384617,32,Zurich
